segment_id,slice_index,point_count,bbox_width_x,bbox_width_y,bbox_height_z,centroid_x,centroid_y,centroid_z,width_proxy,height_proxy,ceiling_z_p95,floor_z_p05,ceiling_roughness,narrowness_score,low_ceiling_score,ceiling_roughness_score,geometry_change_score,lidar_geometry_risk,risk_level
SEG_001,0,133,9.075306172273597,180.36998748779297,2.970000147819519,-49.83766920046699,114.48353329995521,-2.4656390623938766,170.92000122070314,2.6559999704360964,-1.8799999952316284,-4.535999965667725,0.08166667574001715,40.922,46.141,7.365,0.0,25.653,LOW
SEG_002,1,2539,9.075306172273597,180.67001342773438,2.710000157356262,-43.31142576983145,97.1969200575995,-1.9353721958297874,138.803995513916,2.4600000381469727,-1.7100000381469727,-4.170000076293945,0.014610296612163315,52.05,50.207,0.973,11.012,30.613,MEDIUM
SEG_003,2,478,9.075306172273597,312.7400093078613,6.140000104904175,-34.381610954156976,122.53167351519214,-3.2042886881142167,283.8849948883057,3.7545001477003095,-0.5470000058412556,-4.301500153541565,0.6689046757705099,1.779,23.351,63.342,49.886,32.184,MEDIUM
SEG_004,3,4656,9.075306172273597,314.7300033569336,5.6600000858306885,-25.282862968051557,91.52525988722995,0.14670747436928688,265.2024965286255,2.689999997615814,1.8700000047683716,-0.8199999928474426,0.3836437061561512,8.253,45.436,36.15,6.73,24.218,LOW
SEG_005,4,4497,9.075306172273597,302.0699920654297,6.7500001192092896,-14.80321548492452,103.79742056501821,0.9159706513185534,263.5279949188232,3.342000001668928,2.9920000076293927,-0.3499999940395355,0.887697696024249,8.833,31.909,84.198,0.793,31.835,MEDIUM
SEG_006,5,8058,9.075306172273597,277.3599967956543,5.909999907016754,-7.564844869567254,78.35601142901497,2.0145693727463603,252.39149751663209,3.5800002217292786,4.03000020980835,0.44999998807907104,0.9379314179312432,12.692,26.971,88.986,3.877,33.572,MEDIUM
SEG_007,6,5503,9.075306172273597,250.28999710083008,5.779999911785126,1.3321224777077043,15.033812471476402,2.5461766323825783,65.11900012493133,4.8799998089671135,4.949999809265137,0.07000000029802322,0.6371077334903334,77.582,0.0,60.311,64.268,51.206,MEDIUM
SEG_008,7,6471,9.075306172273597,233.32000243663788,7.479999780654907,12.409363309523917,170.4501144156396,2.1344907948255925,217.5699987411499,4.399999901652336,4.599999904632568,0.20000000298023224,1.0534737942671248,24.758,9.959,100.0,52.121,45.341,MEDIUM
SEG_009,8,4993,9.075306172273597,251.70999717712402,3.3599999397993088,19.78468255731211,110.77435612418623,1.7992789889447989,236.37999880313873,3.029999941587448,3.299999952316284,0.27000001072883606,0.31800673446057653,18.24,38.382,29.893,6.878,23.916,LOW
SEG_010,9,5149,9.075306172273597,251.5099925994873,4.510000169277191,28.060097119673454,101.84770835198681,3.1405709894809197,232.4759979248047,2.8899999856948853,4.559999942779541,1.6699999570846558,0.15037143274501746,19.593,41.286,13.914,1.378,19.954,LOW
SEG_011,10,2478,9.075306172273597,251.53000259399414,3.8699997663497925,40.11429781140196,11.820056481928813,1.683615820411716,232.75450160503385,1.7514998793601997,2.3614998936653144,0.6100000143051147,0.43849867704975753,19.496,64.907,41.379,0.483,32.517,MEDIUM
SEG_012,11,2521,9.075306172273597,251.90999221801758,4.340000033378601,48.93585878891966,210.8264140682247,4.001217775428073,235.96999394893646,2.9499999284744263,4.809999942779541,1.8600000143051147,0.08511245175459808,18.382,40.041,7.693,1.504,17.749,LOW
SEG_013,12,6700,9.075306172273597,333.1200122833252,4.750000178813934,59.29401343502216,135.08040891270585,4.235837331271883,250.87999725341797,3.2305000185966493,5.380000114440918,2.1495000958442687,0.02794819198905704,13.216,34.222,2.244,5.177,14.117,LOW
SEG_014,13,10273,9.075306172273597,335.44999504089355,4.649999916553497,65.84863232568328,77.06021027851574,2.962881345607563,289.02001190185547,4.330000162124634,5.360000133514404,1.0299999713897705,0.47027787027998896,0.0,11.411,44.408,13.373,16.629,LOW
SEG_015,14,5553,9.075306172273597,307.7599983215332,4.000000238418579,75.33940748547555,238.89542578981997,4.011296634091872,282.57401465177537,3.839999794960022,5.489999771118164,1.649999976158142,0.6358007727601668,2.234,21.577,60.186,2.364,21.584,LOW
SEG_016,15,18312,9.075306172273597,247.30000364780426,3.909999966621399,86.48584321598238,151.346993259642,3.729527620560428,239.4900060892105,3.739999771118164,5.449999809265137,1.7100000381469727,0.4354508134449641,17.162,23.651,41.089,14.718,24.277,LOW
SEG_017,16,2439,9.075306172273597,261.4200038909912,2.850000262260437,92.08829846446658,57.46020089116141,3.325424365305226,209.96999549865723,2.640000104904175,4.360000133514404,1.7200000286102295,0.19450680740814308,27.391,46.473,18.121,10.436,26.453,LOW
SEG_018,17,26054,9.075306172273597,302.1299877166748,3.570000171661377,101.75580562516295,94.7574521822963,3.8104198958947504,223.17350206375122,3.140000104904175,5.320000171661377,2.180000066757202,0.28111530726098916,22.816,36.1,26.377,4.67,23.398,LOW
SEG_019,18,9264,9.075306172273597,208.429993391037,3.0500001907348633,112.00962112687,112.10890659504744,4.026040579962813,154.56999969482422,2.4700002670288086,5.03000020980835,2.559999942779541,0.04532512208319274,46.587,50.0,3.901,23.609,32.173,MEDIUM
SEG_020,19,3337,9.075306172273597,241.2499988079071,2.820000171661377,120.41223265705331,171.5140875732118,3.642151627456281,106.42399902343752,2.1700000762939453,4.730000019073486,2.559999942779541,0.28369185841289757,63.27,56.224,26.622,16.511,42.995,MEDIUM
SEG_021,20,12401,9.075306172273597,256.70999908447266,2.8000001907348633,128.53163372944482,99.98510276310795,3.913489236955479,253.3699951171875,2.4700000286102295,5.019999980926514,2.549999952316284,0.22812626679323603,12.353,50.0,21.326,50.183,31.574,MEDIUM
SEG_022,21,3463,9.075306172273597,207.54999995231628,2.3600001335144043,135.59031481609296,148.9799191360202,2.9575165953899165,134.4360065460205,1.2400002479553223,4.050000190734863,2.809999942779541,0.5166779774507267,53.564,75.519,48.831,40.953,55.347,MEDIUM
SEG_023,22,14594,9.075306172273597,209.68000173568726,2.260000228881836,148.58994718020756,124.8312738013066,3.2012991550541487,203.60999327898026,1.8499999046325684,4.480000019073486,2.630000114440918,0.38391487635056243,29.595,62.863,36.176,23.783,38.395,MEDIUM
SEG_024,23,8221,9.075306172273597,236.88000106811523,2.2800002098083496,156.38637165106238,41.111554574964984,3.7017005162725716,235.4000072479248,1.9499998092651367,4.46999979019165,2.5199999809265137,0.03718693718163466,18.579,60.788,3.125,10.868,23.726,LOW
SEG_025,24,1903,9.075306172273597,234.150004863739,1.9399998188018799,161.5297160947943,218.66581697884948,3.108959532636,192.81199645996094,0.6800000667572021,3.640000104904175,2.9600000381469727,0.30425308649734994,33.336,87.137,28.582,14.947,41.92,MEDIUM
SEG_026,25,38,9.075306172273597,135.4699945449829,2.0199997425079346,174.38947496916117,44.61263142134014,2.9747368411013952,92.51549854278562,1.9504998087882996,4.378999876976013,2.4285000681877134,0.24803442000394652,68.089,60.778,23.224,34.615,48.35,MEDIUM
SEG_027,26,5610,9.075306172273597,163.05000114440918,3.180000066757202,185.06757760821392,90.8582942904848,3.2137308562290645,161.41549854278566,1.9900000095367432,4.289999961853027,2.299999952316284,0.31374563583189785,44.215,59.959,29.487,23.495,40.325,MEDIUM
SEG_028,27,14289,9.075306172273597,142.66999912261963,2.990000009536743,191.0733977579505,37.65721952026847,3.9483406944182797,122.34000205993652,2.390000104904175,5.170000076293945,2.7799999713897705,0.310197277420518,57.755,51.66,29.149,13.454,40.219,MEDIUM
SEG_029,28,2554,9.075306172273597,81.47000002861023,1.250000238418579,205.27086530668996,73.98717303101422,4.313915486903329,3.2600021362304688,0.059999942779541016,4.349999904632568,4.289999961853027,0.00440342562059321,99.017,100.0,0.0,41.378,62.981,HIGH
SEG_030,29,1017,9.075306172273597,79.7300033569336,1.3600001335144043,213.88956746239225,0.3113373255424912,3.7604916482548445,2.9600000977516174,1.1899998188018799,4.369999885559082,3.180000066757202,0.12646051901118555,99.121,76.556,11.635,0.487,51.881,MEDIUM
SEG_031,30,10860,9.075306172273597,137.8600025177002,3.18999981880188,221.76330388387044,48.238279011053024,4.195835179452738,136.43999862670898,2.749999761581421,5.199999809265137,2.450000047683716,0.26636941700868216,52.869,44.191,24.971,46.023,42.356,MEDIUM
SEG_032,31,5400,9.075306172273597,138.11000061035156,3.1399998664855957,226.17669446026838,72.26308708407606,4.27604630501182,99.73999977111816,2.830000162124634,5.360000133514404,2.5299999713897705,0.25212199498698784,65.586,42.531,23.613,12.535,38.719,MEDIUM
SEG_033,32,2056,9.075306172273597,122.62999725341797,3.0200002193450928,241.05967413312266,6.080423150528657,3.4455447491504803,86.58749997615814,1.9500000476837158,4.75,2.799999952316284,0.14837648837525663,70.143,60.788,13.724,4.782,40.628,MEDIUM
SEG_034,33,3644,9.075306172273597,137.92999839782715,2.989999771118164,249.47035688364676,55.13620747105882,4.194377051488497,120.73999881744385,2.570000171661377,5.150000095367432,2.5799999237060547,0.17927538623456474,58.309,47.925,16.669,11.851,36.012,MEDIUM
SEG_035,34,6786,9.075306172273597,142.25000190734863,2.7799999713897705,255.11477001177818,47.61918067687921,3.907191294468577,141.4500026702881,1.8900001049041748,4.800000190734863,2.9100000858306885,0.0965783691398914,51.133,62.033,8.786,7.29,34.503,MEDIUM
SEG_036,35,5259,9.075306172273597,141.6700038909912,2.679999828338623,266.1921298398244,29.889520901246634,4.702833231240312,41.9300012588501,1.5400002002716064,5.360000133514404,3.819999933242798,0.12172493075883596,85.617,69.295,11.183,34.037,52.612,MEDIUM
SEG_037,36,40,9.075306172273597,18.280000776052475,2.049999952316284,274.32074813842775,-3.4950000330340116,4.6242500126361845,18.21299924254417,1.5760001659393312,5.1510000944137575,3.5749999284744263,0.10458392410831255,93.835,68.548,9.549,8.095,49.294,MEDIUM
SEG_038,37,2782,9.075306172273597,18.34999907016754,2.369999885559082,284.72666446293624,-14.131416302426075,3.3864881425860287,17.620000541210175,2.2699999809265137,5.0,2.7300000190734863,0.5634034421352723,94.041,54.149,53.285,0.439,55.159,MEDIUM
SEG_039,38,2181,9.075306172273597,18.170000225305557,2.319999933242798,289.95828041381,-3.4584823506134863,4.551384687970287,16.25999939441681,2.1800003051757812,5.010000228881836,2.8299999237060547,0.05535229637539117,94.512,56.017,4.857,0.494,43.671,MEDIUM
SEG_040,39,272,9.075306172273597,18.23000030592084,2.2300002574920654,303.28444884805117,-2.802977943601196,4.714926476864254,17.13200050443411,2.124500119686127,5.03000020980835,2.9055000901222225,0.014992831055527745,94.21,57.168,1.009,0.316,42.871,MEDIUM
SEG_041,40,7130,9.075306172273597,18.090000610798597,2.4600000381469727,311.299280606948,-6.761761570583929,3.6127770330260547,17.335500075668097,2.180000066757202,5.090000152587891,2.9100000858306885,0.09466524821041152,94.139,56.017,8.604,0.088,44.415,MEDIUM
SEG_042,41,150,9.075306172273597,18.250000532716513,2.1499998569488525,318.1232659912109,-14.958399920674662,3.140733394622803,17.39649983420969,1.6654999494552616,4.57550003528595,2.9100000858306885,0.7624868356908815,94.118,66.691,72.262,0.196,63.013,HIGH
SEG_043,42,617,9.075306172273597,18.459999158978462,2.299999952316284,331.291377829578,-8.239594823003081,4.101134525125958,18.20199954286218,2.1719998836517336,5.161999893188477,2.990000009536743,0.0721379871963495,93.839,56.183,6.457,0.447,43.901,MEDIUM
SEG_044,43,4102,9.075306172273597,18.55000076442957,2.1499998569488525,337.0566748921782,-9.975333940832607,4.684268650631972,18.239999312907457,1.049999713897705,5.159999847412109,4.110000133514404,0.055018882758378906,93.826,79.461,4.825,0.395,49.298,MEDIUM
SEG_045,44,190,9.075306172273597,3.0900001525878906,1.1899995803833008,344.89831655401935,-16.807684130417673,4.744842105162771,2.91549997329712,1.0309999704360964,5.195499920845032,4.164499950408936,0.05104656059319195,99.136,79.855,4.446,5.229,51.862,MEDIUM
SEG_046,45,21,9.075306172273597,2.9700002670288086,1.049999713897705,354.96190679640995,-16.75238100687663,4.80380950655256,2.8700008392333984,0.9900002479553223,5.190000057220459,4.199999809265137,0.03577708017651645,99.152,80.705,2.991,0.029,50.675,MEDIUM
SEG_047,46,5,9.075306172273597,0.48000049591064453,0.9200000762939453,364.09800415039064,-15.55,4.640000057220459,0.4220005035400387,0.7740000724792475,4.970000171661376,4.196000099182129,0.14142155854218236,100.0,85.187,13.061,0.908,54.743,MEDIUM
SEG_048,47,2505,9.075306172273597,17.680000603199005,2.180000066757202,373.81215889753696,-3.4376846311810962,4.019373238729146,3.947999978065491,2.109999895095825,5.409999847412109,3.299999952316284,0.3152175887781284,98.778,57.469,29.628,1.657,51.739,MEDIUM
SEG_049,48,2502,9.075306172273597,2.909998893737793,2.059999942779541,386.6780333667636,-17.292454026967025,4.306067167616767,2.669999122619629,1.9300000667572021,5.360000133514404,3.430000066757202,0.06852878149224413,99.221,61.203,6.113,0.497,46.695,MEDIUM
